{
  "hash": "dc87f987",
  "configHash": "e80d3321",
  "lockfileHash": "89dd1631",
  "browserHash": "46c36766",
  "optimized": {
    "@angular/common": {
      "src": "../../../../../../node_modules/@angular/common/fesm2022/common.mjs",
      "file": "@angular_common.js",
      "fileHash": "172846d4",
      "needsInterop": false
    },
    "@angular/common/http": {
      "src": "../../../../../../node_modules/@angular/common/fesm2022/http.mjs",
      "file": "@angular_common_http.js",
      "fileHash": "3c5d2987",
      "needsInterop": false
    },
    "@angular/core": {
      "src": "../../../../../../node_modules/@angular/core/fesm2022/core.mjs",
      "file": "@angular_core.js",
      "fileHash": "94c48f5c",
      "needsInterop": false
    },
    "@angular/forms": {
      "src": "../../../../../../node_modules/@angular/forms/fesm2022/forms.mjs",
      "file": "@angular_forms.js",
      "fileHash": "554b8a6f",
      "needsInterop": false
    },
    "@angular/material/icon": {
      "src": "../../../../../../node_modules/@angular/material/fesm2022/icon.mjs",
      "file": "@angular_material_icon.js",
      "fileHash": "adcf090b",
      "needsInterop": false
    },
    "@angular/platform-browser": {
      "src": "../../../../../../node_modules/@angular/platform-browser/fesm2022/platform-browser.mjs",
      "file": "@angular_platform-browser.js",
      "fileHash": "e9d19dc5",
      "needsInterop": false
    },
    "@angular/router": {
      "src": "../../../../../../node_modules/@angular/router/fesm2022/router.mjs",
      "file": "@angular_router.js",
      "fileHash": "f338b73e",
      "needsInterop": false
    },
    "@stripe/stripe-js": {
      "src": "../../../../../../node_modules/@stripe/stripe-js/lib/index.mjs",
      "file": "@stripe_stripe-js.js",
      "fileHash": "3b2da5d3",
      "needsInterop": false
    },
    "notyf": {
      "src": "../../../../../../node_modules/notyf/notyf.es.js",
      "file": "notyf.js",
      "fileHash": "755ad4a8",
      "needsInterop": false
    },
    "zone.js": {
      "src": "../../../../../../node_modules/zone.js/fesm2015/zone.js",
      "file": "zone__js.js",
      "fileHash": "94d10cd7",
      "needsInterop": true
    }
  },
  "chunks": {
    "chunk-KR27HFTM": {
      "file": "chunk-KR27HFTM.js"
    },
    "chunk-OGWLSEKP": {
      "file": "chunk-OGWLSEKP.js"
    },
    "chunk-I47YBDAT": {
      "file": "chunk-I47YBDAT.js"
    },
    "chunk-YW65FSQM": {
      "file": "chunk-YW65FSQM.js"
    },
    "chunk-X4MKX43L": {
      "file": "chunk-X4MKX43L.js"
    },
    "chunk-WDMUDEB6": {
      "file": "chunk-WDMUDEB6.js"
    }
  }
}